Workbook

Sheet NEPWS_combined_120626.csv
A1: Region | B1: Site | C1: Site.no | D1: Transect | E1: Photo | F1: Initials | G1: richness | H1: richplus | I1: mob.count | J1: mob.rich | K1: space.per | L1: sedim.per | M1: space | N1: sedim | O1: ENCA | P1: ENNA | Q1: Rfil | R1: Rfol | S1: BOPS | T1: OPCA | U1: AGFI | V1: HYSP | W1: Abie | X1: Lafo | Y1: Agla | Z1: Hal1 | AA1: ANLA | AB1: Hal2 | AC1: SYSP | AD1: SYAM | AE1: CLCE | AF1: XEHI | AG1: MYLA | AH1: SPOT | AI1: POPA | AJ1: LEUC | AK1: EPSC | AL1: BAEL | AM1: Metr | AN1: CRFE | AO1: Urti | AP1: EPLI | AQ1: GERU | AR1: Alcy | AS1: DOCO | AT1: DOFE | AU1: TUCA | AV1: TUOT | AW1: PSOC | AX1: PISP | AY1: PHCL | AZ1: VECO | BA1: POMA | BB1: BACR | BC1: BANU | BD1: PSCH | BE1: TETR | BF1: META | BG1: DICA | BH1: DIOC | BI1: PYST | BJ1: PEAN | BK1: CLHU | BL1: APCA | BM1: APSO | BN1: TCOT | BO1: Trid | BP1: Chel | BQ1: Core | BR1: CNFI | BS1: HAIG | BT1: Stye | BU1: ASPA | BV1: TSOT | BW1: PYHA | BX1: BOVI | BY1: SCUN | BZ1: EUBI | CA1: BREN | CB1: DELI | CC1: DICL | CD1: Cris | CE1: CEDI | CF1: HEPA | CG1: PHPA | CH1: DEMU | CI1: BRER | CJ1: SFR | CK1: SDR | CL1: Hen | CM1: PHE | CN1: SST | CO1: ETR | CP1: PTE | CQ1: Oph | CR1: PCA | CS1: EQU | CT1: CPI | CU1: PLU | CV1: CUWH | CW1: CST | CX1: Ton | CY1: Mop | CZ1: LME | DA1: Chi | DB1: Lot | DC1: AMI | DD1: CCU | DE1: Lim | DF1: CLI | DG1: CAN | DH1: CAL | DI1: Tro | DJ1: Amp | DK1: GA1 | DL1: OLU | DM1: TCAn | DN1: CFO | DO1: FOR | DP1: NUC | DQ1: BMU | DR1: GAS | DS1: ACO | DT1: GHE | DU1: DSA | DV1: CMO | DW1: LCO | DX1: CLU | DY1: ANA | DZ1: Dorid | EA1: TFE | EB1: JFU | EC1: DAL | ED1: HCR | EE1: DDI | EF1: Fla | EG1: Aeo | EH1: SAC | EI1: COR | EJ1: LMA | EK1: MQU | EL1: Her | EM1: Shr | EN1: JZO | EO1: AHA | EP1: Gunnel
A2: Channel | B2: ON | C2: 5 | D2: ON0 | E2: ON0_45 | F2: WG | G2: 11 | H2: 13 | I2: 4 | J2: 3 | K2: 24.38 | L2: 7.5 | M2: 0.244 | N2: 0.075 | O2: 1 | P2: 1 | Q2: 1 | R2: 1 | S2: 0 | T2: 0 | U2: 0 | V2: 1 | W2: 0 | X2: 0 | Y2: 0 | Z2: 1 | AA2: 0 | AB2: 0 | AC2: 1 | AD2: 0 | AE2: 0 | AF2: 0 | AG2: 0 | AH2: 0 | AI2: 0 | AJ2: 0 | AK2: 0 | AL2: 0 | AM2: 0 | AN2: 0 | AO2: 0 | AP2: 0 | AQ2: 0 | AR2: 0 | AS2: 0 | AT2: 0 | AU2: 1 | AV2: 0 | AW2: 1 | AX2: 0 | AY2: 0 | AZ2: 0 | BA2: 0 | BB2: 0 | BC2: 0 | BD2: 0 | BE2: 1 | BF2: 1 | BG2: 0 | BH2: 0 | BI2: 0 | BJ2: 0 | BK2: 0 | BL2: 0 | BM2: 0 | BN2: 0 | BO2: 0 | BP2: 0 | BQ2: 0 | BR2: 0 | BS2: 0 | BT2: 0 | BU2: 0 | BV2: 0 | BW2: 1 | BX2: 0 | BY2: 1 | BZ2: 0 | CA2: 1 | CB2: 0 | CC2: 0 | CD2: 0 | CE2: 0 | CF2: 0 | CG2: 0 | CH2: 0 | CI2: 0 | CJ2: 0 | CK2: 0 | CL2: 0 | CM2: 0 | CN2: 0 | CO2: 0 | CP2: 0 | CQ2: 0 | CR2: 0 | CS2: 0 | CT2: 0 | CU2: 0 | CV2: 0 | CW2: 0 | CX2: 0 | CY2: 0 | CZ2: 0 | DA2: 0 | DB2: 0 | DC2: 0 | DD2: 0 | DE2: 0 | DF2: 0 | DG2: 0 | DH2: 0 | DI2: 0 | DJ2: 1 | DK2: 0 | DL2: 0 | DM2: 2 | DN2: 0 | DO2: 0 | DP2: 0 | DQ2: 0 | DR2: 0 | DS2: 0 | DT2: 0 | DU2: 0 | DV2: 0 | DW2: 0 | DX2: 0 | DY2: 0 | DZ2: 0 | EA2: 0 | EB2: 0 | EC2: 0 | ED2: 0 | EE2: 0 | EF2: 0 | EG2: 0 | EH2: 0 | EI2: 0 | EJ2: 0 | EK2: 0 | EL2: 1 | EM2: 0 | EN2: 0 | EO2: 0 | EP2: 0
A3: Channel | B3: ON | C3: 5 | D3: ON0 | E3: ON0_46 | F3: WG | G3: 12 | H3: 14 | I3: 3 | J3: 3 | K3: 21.25 | L3: 0 | M3: 0.213 | N3: 0 | O3: 1 | P3: 1 | Q3: 1 | R3: 0 | S3: 0 | T3: 0 | U3: 0 | V3: 1 | W3: 0 | X3: 0 | Y3: 0 | Z3: 1 | AA3: 0 | AB3: 0 | AC3: 0 | AD3: 0 | AE3: 0 | AF3: 0 | AG3: 0 | AH3: 1 | AI3: 0 | AJ3: 0 | AK3: 0 | AL3: 1 | AM3: 0 | AN3: 0 | AO3: 0 | AP3: 0 | AQ3: 0 | AR3: 0 | AS3: 0 | AT3: 0 | AU3: 1 | AV3: 0 | AW3: 0 | AX3: 0 | AY3: 0 | AZ3: 1 | BA3: 0 | BB3: 0 | BC3: 0 | BD3: 0 | BE3: 0 | BF3: 1 | BG3: 0 | BH3: 0 | BI3: 0 | BJ3: 0 | BK3: 0 | BL3: 0 | BM3: 0 | BN3: 0 | BO3: 0 | BP3: 1 | BQ3: 0 | BR3: 0 | BS3: 0 | BT3: 0 | BU3: 0 | BV3: 0 | BW3: 0 | BX3: 1 | BY3: 1 | BZ3: 0 | CA3: 1 | CB3: 0 | CC3: 0 | CD3: 0 | CE3: 0 | CF3: 0 | CG3: 0 | CH3: 0 | CI3: 0 | CJ3: 0 | CK3: 0 | CL3: 0 | CM3: 0 | CN3: 0 | CO3: 0 | CP3: 0 | CQ3: 0 | CR3: 0 | CS3: 0 | CT3: 0 | CU3: 0 | CV3: 0 | CW3: 0 | CX3: 0 | CY3: 0 | CZ3: 0 | DA3: 0 | DB3: 0 | DC3: 0 | DD3: 0 | DE3: 0 | DF3: 1 | DG3: 0 | DH3: 0 | DI3: 0 | DJ3: 0 | DK3: 0 | DL3: 0 | DM3: 0 | DN3: 0 | DO3: 0 | DP3: 0 | DQ3: 0 | DR3: 1 | DS3: 0 | DT3: 0 | DU3: 0 | DV3: 0 | DW3: 0 | DX3: 0 | DY3: 0 | DZ3: 0 | EA3: 0 | EB3: 0 | EC3: 0 | ED3: 0 | EE3: 0 | EF3: 0 | EG3: 0 | EH3: 0 | EI3: 0 | EJ3: 0 | EK3: 0 | EL3: 0 | EM3: 1 | EN3: 0 | EO3: 0 | EP3: 0
A4: Channel | B4: ON | C4: 5 | D4: ON0 | E4: ON0_48 | F4: WG | G4: 11 | H4: 13 | I4: 1 | J4: 1 | K4: 26.25 | L4: 0 | M4: 0.263 | N4: 0 | O4: 1 | P4: 1 | Q4: 1 | R4: 1 | S4: 0 | T4: 0 | U4: 0 | V4: 1 | W4: 0 | X4: 0 | Y4: 0 | Z4: 1 | AA4: 0 | AB4: 0 | AC4: 0 | AD4: 0 | AE4: 0 | AF4: 0 | AG4: 0 | AH4: 1 | AI4: 0 | AJ4: 0 | AK4: 0 | AL4: 1 | AM4: 0 | AN4: 0 | AO4: 0 | AP4: 0 | AQ4: 0 | AR4: 0 | AS4: 0 | AT4: 0 | AU4: 1 | AV4: 0 | AW4: 1 | AX4: 1 | AY4: 0 | AZ4: 1 | BA4: 0 | BB4: 0 | BC4: 0 | BD4: 0 | BE4: 0 | BF4: 0 | BG4: 0 | BH4: 0 | BI4: 0 | BJ4: 0 | BK4: 0 | BL4: 0 | BM4: 0 | BN4: 0 | BO4: 0 | BP4: 0 | BQ4: 0 | BR4: 0 | BS4: 0 | BT4: 0 | BU4: 0 | BV4: 0 | BW4: 0 | BX4: 0 | BY4: 1 | BZ4: 0 | CA4: 1 | CB4: 0 | CC4: 0 | CD4: 0 | CE4: 0 | CF4: 0 | CG4: 0 | CH4: 0 | CI4: 0 | CJ4: 0 | CK4: 0 | CL4: 0 | CM4: 0 | CN4: 0 | CO4: 0 | CP4: 0 | CQ4: 0 | CR4: 0 | CS4: 0 | CT4: 0 | CU4: 0 | CV4: 0 | CW4: 0 | CX4: 0 | CY4: 0 | CZ4: 0 | DA4: 0 | DB4: 0 | DC4: 0 | DD4: 0 | DE4: 0 | DF4: 0 | DG4: 0 | DH4: 0 | DI4: 0 | DJ4: 0 | DK4: 0 | DL4: 0 | DM4: 0 | DN4: 0 | DO4: 0 | DP4: 0 | DQ4: 0 | DR4: 0 | DS4: 0 | DT4: 0 | DU4: 0 | DV4: 0 | DW4: 0 | DX4: 0 | DY4: 0 | DZ4: 0 | EA4: 0 | EB4: 0 | EC4: 0 | ED4: 0 | EE4: 0 | EF4: 0 | EG4: 0 | EH4: 0 | EI4: 0 | EJ4: 0 | EK4: 0 | EL4: 1 | EM4: 0 | EN4: 0 | EO4: 0 | EP4: 0
A5: Channel | B5: ON | C5: 5 | D5: ON0 | E5: ON0_49 | F5: WG | G5: 10 | H5: 12 | I5: 1 | J5: 1 | K5: 25 | L5: 0 | M5: 0.25 | N5: 0 | O5: 1 | P5: 1 | Q5: 0 | R5: 1 | S5: 0 | T5: 0 | U5: 0 | V5: 1 | W5: 0 | X5: 0 | Y5: 0 | Z5: 1 | AA5: 0 | AB5: 0 | AC5: 0 | AD5: 0 | AE5: 0 | AF5: 0 | AG5: 0 | AH5: 0 | AI5: 0 | AJ5: 0 | AK5: 0 | AL5: 1 | AM5: 0 | AN5: 0 | AO5: 0 | AP5: 0 | AQ5: 0 | AR5: 0 | AS5: 0 | AT5: 0 | AU5: 1 | AV5: 0 | AW5: 1 | AX5: 0 | AY5: 0 | AZ5: 1 | BA5: 0 | BB5: 0 | BC5: 0 | BD5: 0 | BE5: 0 | BF5: 1 | BG5: 0 | BH5: 0 | BI5: 0 | BJ5: 0 | BK5: 0 | BL5: 0 | BM5: 0 | BN5: 0 | BO5: 0 | BP5: 0 | BQ5: 0 | BR5: 0 | BS5: 0 | BT5: 0 | BU5: 0 | BV5: 0 | BW5: 0 | BX5: 0 | BY5: 1 | BZ5: 0 | CA5: 1 | CB5: 0 | CC5: 0 | CD5: 0 | CE5: 0 | CF5: 0 | CG5: 0 | CH5: 0 | CI5: 0 | CJ5: 0 | CK5: 0 | CL5: 0 | CM5: 0 | CN5: 0 | CO5: 0 | CP5: 0 | CQ5: 0 | CR5: 0 | CS5: 0 | CT5: 0 | CU5: 0 | CV5: 0 | CW5: 0 | CX5: 0 | CY5: 0 | CZ5: 0 | DA5: 0 | DB5: 0 | DC5: 0 | DD5: 0 | DE5: 0 | DF5: 1 | DG5: 0 | DH5: 0 | DI5: 0 | DJ5: 0 | DK5: 0 | DL5: 0 | DM5: 0 | DN5: 0 | DO5: 0 | DP5: 0 | DQ5: 0 | DR5: 0 | DS5: 0 | DT5: 0 | DU5: 0 | DV5: 0 | DW5: 0 | DX5: 0 | DY5: 0 | DZ5: 0 | EA5: 0 | EB5: 0 | EC5: 0 | ED5: 0 | EE5: 0 | EF5: 0 | EG5: 0 | EH5: 0 | EI5: 0 | EJ5: 0 | EK5: 0 | EL5: 0 | EM5: 0 | EN5: 0 | EO5: 0 | EP5: 0
A6: Channel | B6: ON | C6: 5 | D6: ON1 | E6: ON1_84 | F6: WG | G6: 7 | H6: 9 | I6: 1 | J6: 1 | K6: 36.88 | L6: 0 | M6: 0.369 | N6: 0 | O6: 1 | P6: 1 | Q6: 1 | R6: 0 | S6: 0 | T6: 0 | U6: 0 | V6: 0 | W6: 0 | X6: 0 | Y6: 0 | Z6: 1 | AA6: 1 | AB6: 0 | AC6: 0 | AD6: 0 | AE6: 0 | AF6: 0 | AG6: 0 | AH6: 0 | AI6: 0 | AJ6: 0 | AK6: 0 | AL6: 1 | AM6: 0 | AN6: 0 | AO6: 0 | AP6: 0 | AQ6: 0 | AR6: 0 | AS6: 0 | AT6: 0 | AU6: 0 | AV6: 0 | AW6: 0 | AX6: 0 | AY6: 0 | AZ6: 0 | BA6: 0 | BB6: 1 | BC6: 0 | BD6: 0 | BE6: 0 | BF6: 1 | BG6: 0 | BH6: 0 | BI6: 0 | BJ6: 0 | BK6: 0 | BL6: 0 | BM6: 0 | BN6: 0 | BO6: 0 | BP6: 0 | BQ6: 0 | BR6: 0 | BS6: 0 | BT6: 0 | BU6: 0 | BV6: 0 | BW6: 0 | BX6: 0 | BY6: 0 | BZ6: 0 | CA6: 1 | CB6: 0 | CC6: 0 | CD6: 0 | CE6: 0 | CF6: 0 | CG6: 0 | CH6: 0 | CI6: 0 | CJ6: 0 | CK6: 0 | CL6: 0 | CM6: 0 | CN6: 0 | CO6: 0 | CP6: 0 | CQ6: 0 | CR6: 0 | CS6: 0 | CT6: 0 | CU6: 0 | CV6: 0 | CW6: 0 | CX6: 0 | CY6: 0 | CZ6: 0 | DA6: 0 | DB6: 0 | DC6: 0 | DD6: 0 | DE6: 0 | DF6: 0 | DG6: 0 | DH6: 0 | DI6: 0 | DJ6: 0 | DK6: 0 | DL6: 0 | DM6: 0 | DN6: 0 | DO6: 0 | DP6: 0 | DQ6: 0 | DR6: 0 | DS6: 0 | DT6: 0 | DU6: 0 | DV6: 0 | DW6: 0 | DX6: 0 | DY6: 0 | DZ6: 1 | EA6: 0 | EB6: 0 | EC6: 0 | ED6: 0 | EE6: 0 | EF6: 0 | EG6: 0 | EH6: 0 | EI6: 0 | EJ6: 0 | EK6: 0 | EL6: 0 | EM6: 0 | EN6: 0 | EO6: 0 | EP6: 0
A7: Channel | B7: ON | C7: 5 | D7: ON1 | E7: ON1_85 | F7: WG | G7: 8 | H7: 9 | I7: 0 | J7: 0 | K7: 22.5 | L7: 0 | M7: 0.225 | N7: 0 | O7: 0 | P7: 1 | Q7: 0 | R7: 1 | S7: 0 | T7: 0 | U7: 0 | V7: 1 | W7: 1 | X7: 0 | Y7: 0 | Z7: 1 | AA7: 1 | AB7: 0 | AC7: 0 | AD7: 0 | AE7: 0 | AF7: 0 | AG7: 0 | AH7: 0 | AI7: 0 | AJ7: 0 | AK7: 0 | AL7: 0 | AM7: 0 | AN7: 0 | AO7: 0 | AP7: 0 | AQ7: 0 | AR7: 0 | AS7: 0 | AT7: 0 | AU7: 0 | AV7: 0 | AW7: 0 | AX7: 0 | AY7: 0 | AZ7: 0 | BA7: 0 | BB7: 1 | BC7: 0 | BD7: 0 | BE7: 0 | BF7: 0 | BG7: 0 | BH7: 0 | BI7: 0 | BJ7: 0 | BK7: 0 | BL7: 0 | BM7: 0 | BN7: 0 | BO7: 0 | BP7: 0 | BQ7: 0 | BR7: 0 | BS7: 0 | BT7: 0 | BU7: 0 | BV7: 0 | BW7: 0 | BX7: 0 | BY7: 0 | BZ7: 0 | CA7: 1 | CB7: 0 | CC7: 0 | CD7: 0 | CE7: 0 | CF7: 0 | CG7: 0 | CH7: 0 | CI7: 0 | CJ7: 0 | CK7: 0 | CL7: 0 | CM7: 0 | CN7: 0 | CO7: 0 | CP7: 0 | CQ7: 0 | CR7: 0 | CS7: 0 | CT7: 0 | CU7: 0 | CV7: 0 | CW7: 0 | CX7: 0 | CY7: 0 | CZ7: 0 | DA7: 0 | DB7: 0 | DC7: 0 | DD7: 0 | DE7: 0 | DF7: 0 | DG7: 0 | DH7: 0 | DI7: 0 | DJ7: 0 | DK7: 0 | DL7: 0 | DM7: 0 | DN7: 0 | DO7: 0 | DP7: 0 | DQ7: 0 | DR7: 0 | DS7: 0 | DT7: 0 | DU7: 0 | DV7: 0 | DW7: 0 | DX7: 0 | DY7: 0 | DZ7: 0 | EA7: 0 | EB7: 0 | EC7: 0 | ED7: 0 | EE7: 0 | EF7: 0 | EG7: 0 | EH7: 0 | EI7: 0 | EJ7: 0 | EK7: 0 | EL7: 0 | EM7: 0 | EN7: 0 | EO7: 0 | EP7: 0
A8: Channel | B8: ON | C8: 5 | D8: ON1 | E8: ON1_86 | F8: WG | G8: 6 | H8: 8 | I8: 3 | J8: 2 | K8: 20.63 | L8: 0 | M8: 0.206 | N8: 0 | O8: 1 | P8: 1 | Q8: 0 | R8: 0 | S8: 0 | T8: 0 | U8: 0 | V8: 0 | W8: 0 | X8: 0 | Y8: 0 | Z8: 0 | AA8: 0 | AB8: 0 | AC8: 0 | AD8: 0 | AE8: 0 | AF8: 0 | AG8: 0 | AH8: 0 | AI8: 0 | AJ8: 0 | AK8: 1 | AL8: 0 | AM8: 0 | AN8: 0 | AO8: 0 | AP8: 0 | AQ8: 0 | AR8: 0 | AS8: 0 | AT8: 0 | AU8: 1 | AV8: 0 | AW8: 1 | AX8: 0 | AY8: 0 | AZ8: 0 | BA8: 0 | BB8: 1 | BC8: 0 | BD8: 0 | BE8: 0 | BF8: 0 | BG8: 0 | BH8: 0 | BI8: 0 | BJ8: 0 | BK8: 0 | BL8: 0 | BM8: 0 | BN8: 0 | BO8: 0 | BP8: 0 | BQ8: 0 | BR8: 0 | BS8: 0 | BT8: 0 | BU8: 0 | BV8: 0 | BW8: 0 | BX8: 0 | BY8: 1 | BZ8: 0 | CA8: 1 | CB8: 0 | CC8: 0 | CD8: 0 | CE8: 0 | CF8: 0 | CG8: 0 | CH8: 0 | CI8: 0 | CJ8: 0 | CK8: 0 | CL8: 0 | CM8: 0 | CN8: 0 | CO8: 0 | CP8: 0 | CQ8: 0 | CR8: 0 | CS8: 0 | CT8: 0 | CU8: 0 | CV8: 0 | CW8: 0 | CX8: 0 | CY8: 0 | CZ8: 0 | DA8: 0 | DB8: 0 | DC8: 0 | DD8: 0 | DE8: 0 | DF8: 0 | DG8: 0 | DH8: 0 | DI8: 0 | DJ8: 0 | DK8: 0 | DL8: 0 | DM8: 0 | DN8: 0 | DO8: 0 | DP8: 0 | DQ8: 0 | DR8: 0 | DS8: 0 | DT8: 0 | DU8: 0 | DV8: 0 | DW8: 0 | DX8: 0 | DY8: 0 | DZ8: 0 | EA8: 0 | EB8: 0 | EC8: 0 | ED8: 0 | EE8: 0 | EF8: 0 | EG8: 0 | EH8: 1 | EI8: 0 | EJ8: 0 | EK8: 0 | EL8: 2 | EM8: 0 | EN8: 0 | EO8: 0 | EP8: 0
A9: Channel | B9: ON | C9: 5 | D9: ON1 | E9: ON1_17 | F9: WG | G9: 6 | H9: 8 | I9: 0 | J9: 0 | K9: 30.63 | L9: 0 | M9: 0.306 | N9: 0 | O9: 1 | P9: 1 | Q9: 0 | R9: 0 | S9: 0 | T9: 0 | U9: 0 | V9: 1 | W9: 0 | X9: 0 | Y9: 0 | Z9: 1 | AA9: 1 | AB9: 0 | AC9: 0 | AD9: 0 | AE9: 0 | AF9: 0 | AG9: 0 | AH9: 0 | AI9: 0 | AJ9: 0 | AK9: 0 | AL9: 0 | AM9: 0 | AN9: 0 | AO9: 0 | AP9: 0 | AQ9: 0 | AR9: 0 | AS9: 0 | AT9: 0 | AU9: 0 | AV9: 0 | AW9: 0 | AX9: 0 | AY9: 0 | AZ9: 0 | BA9: 0 | BB9: 1 | BC9: 0 | BD9: 0 | BE9: 0 | BF9: 1 | BG9: 0 | BH9: 0 | BI9: 0 | BJ9: 0 | BK9: 0 | BL9: 0 | BM9: 0 | BN9: 0 | BO9: 0 | BP9: 0 | BQ9: 0 | BR9: 0 | BS9: 0 | BT9: 0 | BU9: 0 | BV9: 0 | BW9: 0 | BX9: 0 | BY9: 0 | BZ9: 0 | CA9: 1 | CB9: 0 | CC9: 0 | CD9: 0 | CE9: 0 | CF9: 0 | CG9: 0 | CH9: 0 | CI9: 0 | CJ9: 0 | CK9: 0 | CL9: 0 | CM9: 0 | CN9: 0 | CO9: 0 | CP9: 0 | CQ9: 0 | CR9: 0 | CS9: 0 | CT9: 0 | CU9: 0 | CV9: 0 | CW9: 0 | CX9: 0 | CY9: 0 | CZ9: 0 | DA9: 0 | DB9: 0 | DC9: 0 | DD9: 0 | DE9: 0 | DF9: 0 | DG9: 0 | DH9: 0 | DI9: 0 | DJ9: 0 | DK9: 0 | DL9: 0 | DM9: 0 | DN9: 0 | DO9: 0 | DP9: 0 | DQ9: 0 | DR9: 0 | DS9: 0 | DT9: 0 | DU9: 0 | DV9: 0 | DW9: 0 | DX9: 0 | DY9: 0 | DZ9: 0 | EA9: 0 | EB9: 0 | EC9: 0 | ED9: 0 | EE9: 0 | EF9: 0 | EG9: 0 | EH9: 0 | EI9: 0 | EJ9: 0 | EK9: 0 | EL9: 0 | EM9: 0 | EN9: 0 | EO9: 0 | EP9: 0
A10: Channel | B10: ON | C10: 5 | D10: ON2 | E10: ON2_43 | F10: WG | G10: 10 | H10: 12 | I10: 1 | J10: 1 | K10: 46.88 | L10: 0 | M10: 0.469 | N10: 0 | O10: 1 | P10: 1 | Q10: 0 | R10: 0 | S10: 0 | T10: 0 | U10: 0 | V10: 1 | W10: 0 | X10: 0 | Y10: 0 | Z10: 1 | AA10: 0 | AB10: 0 | AC10: 1 | AD10: 0 | AE10: 0 | AF10: 0 | AG10: 0 | AH10: 0 | AI10: 0 | AJ10: 0 | AK10: 0 | AL10: 0 | AM10: 0 | AN10: 0 | AO10: 0 | AP10: 0 | AQ10: 0 | AR10: 0 | AS10: 0 | AT10: 0 | AU10: 1 | AV10: 0 | AW10: 1 | AX10: 0 | AY10: 0 | AZ10: 1 | BA10: 0 | BB10: 1 | BC10: 0 | BD10: 0 | BE10: 0 | BF10: 0 | BG10: 0 | BH10: 0 | BI10: 0 | BJ10: 0 | BK10: 0 | BL10: 0 | BM10: 0 | BN10: 0 | BO10: 0 | BP10: 0 | BQ10: 1 | BR10: 0 | BS10: 0 | BT10: 0 | BU10: 0 | BV10: 0 | BW10: 0 | BX10: 0 | BY10: 1 | BZ10: 0 | CA10: 1 | CB10: 0 | CC10: 0 | CD10: 0 | CE10: 0 | CF10: 0 | CG10: 0 | CH10: 0 | CI10: 0 | CJ10: 0 | CK10: 0 | CL10: 0 | CM10: 0 | CN10: 0 | CO10: 0 | CP10: 0 | CQ10: 0 | CR10: 0 | CS10: 0 | CT10: 0 | CU10: 0 | CV10: 0 | CW10: 0 | CX10: 1 | CY10: 0 | CZ10: 0 | DA10: 0 | DB10: 0 | DC10: 0 | DD10: 0 | DE10: 0 | DF10: 0 | DG10: 0 | DH10: 0 | DI10: 0 | DJ10: 0 | DK10: 0 | DL10: 0 | DM10: 0 | DN10: 0 | DO10: 0 | DP10: 0 | DQ10: 0 | DR10: 0 | DS10: 0 | DT10: 0 | DU10: 0 | DV10: 0 | DW10: 0 | DX10: 0 | DY10: 0 | DZ10: 0 | EA10: 0 | EB10: 0 | EC10: 0 | ED10: 0 | EE10: 0 | EF10: 0 | EG10: 0 | EH10: 0 | EI10: 0 | EJ10: 0 | EK10: 0 | EL10: 0 | EM10: 0 | EN10: 0 | EO10: 0 | EP10: 0
A11: Channel | B11: ON | C11: 5 | D11: ON2 | E11: ON2_44 | F11: WG | G11: 9 | H11: 11 | I11: 2 | J11: 2 | K11: 41.25 | L11: 0 | M11: 0.413 | N11: 0 | O11: 1 | P11: 1 | Q11: 1 | R11: 0 | S11: 0 | T11: 0 | U11: 0 | V11: 0 | W11: 0 | X11: 0 | Y11: 0 | Z11: 1 | AA11: 0 | AB11: 0 | AC11: 0 | AD11: 0 | AE11: 0 | AF11: 0 | AG11: 0 | AH11: 0 | AI11: 0 | AJ11: 0 | AK11: 0 | AL11: 1 | AM11: 0 | AN11: 0 | AO11: 0 | AP11: 0 | AQ11: 0 | AR11: 0 | AS11: 0 | AT11: 0 | AU11: 1 | AV11: 0 | AW11: 1 | AX11: 0 | AY11: 0 | AZ11: 1 | BA11: 0 | BB11: 1 | BC11: 0 | BD11: 0 | BE11: 0 | BF11: 0 | BG11: 0 | BH11: 0 | BI11: 1 | BJ11: 0 | BK11: 0 | BL11: 0 | BM11: 0 | BN11: 0 | BO11: 0 | BP11: 0 | BQ11: 0 | BR11: 0 | BS11: 0 | BT11: 0 | BU11: 0 | BV11: 0 | BW11: 0 | BX11: 0 | BY11: 0 | BZ11: 0 | CA11: 1 | CB11: 0 | CC11: 0 | CD11: 0 | CE11: 0 | CF11: 0 | CG11: 0 | CH11: 0 | CI11: 0 | CJ11: 0 | CK11: 0 | CL11: 0 | CM11: 0 | CN11: 0 | CO11: 0 | CP11: 0 | CQ11: 0 | CR11: 0 | CS11: 0 | CT11: 0 | CU11: 0 | CV11: 0 | CW11: 0 | CX11: 1 | CY11: 0 | CZ11: 0 | DA11: 0 | DB11: 0 | DC11: 0 | DD11: 0 | DE11: 0 | DF11: 0 | DG11: 0 | DH11: 0 | DI11: 0 | DJ11: 1 | DK11: 0 | DL11: 0 | DM11: 0 | DN11: 0 | DO11: 0 | DP11: 0 | DQ11: 0 | DR11: 0 | DS11: 0 | DT11: 0 | DU11: 0 | DV11: 0 | DW11: 0 | DX11: 0 | DY11: 0 | DZ11: 0 | EA11: 0 | EB11: 0 | EC11: 0 | ED11: 0 | EE11: 0 | EF11: 0 | EG11: 0 | EH11: 0 | EI11: 0 | EJ11: 0 | EK11: 0 | EL11: 0 | EM11: 0 | EN11: 0 | EO11: 0 | EP11: 0
A12: Channel | B12: ON | C12: 5 | D12: ON2 | E12: ON2_82 | F12: WG | G12: 8 | H12: 10 | I12: 6 | J12: 5 | K12: 19.38 | L12: 7.5 | M12: 0.194 | N12: 0.075 | O12: 1 | P12: 1 | Q12: 0 | R12: 0 | S12: 0 | T12: 0 | U12: 0 | V12: 0 | W12: 0 | X12: 0 | Y12: 0 | Z12: 1 | AA12: 0 | AB12: 0 | AC12: 0 | AD12: 0 | AE12: 0 | AF12: 0 | AG12: 0 | AH12: 0 | AI12: 0 | AJ12: 0 | AK12: 0 | AL12: 1 | AM12: 0 | AN12: 0 | AO12: 0 | AP12: 0 | AQ12: 0 | AR12: 0 | AS12: 0 | AT12: 0 | AU12: 1 | AV12: 0 | AW12: 1 | AX12: 1 | AY12: 0 | AZ12: 0 | BA12: 0 | BB12: 0 | BC12: 0 | BD12: 0 | BE12: 0 | BF12: 0 | BG12: 0 | BH12: 0 | BI12: 0 | BJ12: 0 | BK12: 0 | BL12: 0 | BM12: 0 | BN12: 0 | BO12: 0 | BP12: 0 | BQ12: 0 | BR12: 0 | BS12: 0 | BT12: 0 | BU12: 0 | BV12: 0 | BW12: 0 | BX12: 0 | BY12: 1 | BZ12: 0 | CA12: 1 | CB12: 0 | CC12: 0 | CD12: 0 | CE12: 0 | CF12: 0 | CG12: 0 | CH12: 0 | CI12: 1 | CJ12: 0 | CK12: 0 | CL12: 0 | CM12: 0 | CN12: 0 | CO12: 0 | CP12: 0 | CQ12: 0 | CR12: 0 | CS12: 0 | CT12: 0 | CU12: 0 | CV12: 0 | CW12: 0 | CX12: 1 | CY12: 0 | CZ12: 0 | DA12: 0 | DB12: 0 | DC12: 0 | DD12: 0 | DE12: 0 | DF12: 0 | DG12: 0 | DH12: 0 | DI12: 0 | DJ12: 0 | DK12: 0 | DL12: 0 | DM12: 2 | DN12: 1 | DO12: 0 | DP12: 0 | DQ12: 0 | DR12: 0 | DS12: 0 | DT12: 0 | DU12: 0 | DV12: 0 | DW12: 0 | DX12: 0 | DY12: 0 | DZ12: 0 | EA12: 0 | EB12: 0 | EC12: 0 | ED12: 0 | EE12: 0 | EF12: 0 | EG12: 0 | EH12: 0 | EI12: 0 | EJ12: 0 | EK12: 0 | EL12: 1 | EM12: 0 | EN12: 1 | EO12: 0 | EP12: 0
A13: Channel | B13: ON | C13: 5 | D13: ON2 | E13: ON2_83 | F13: WG | G13: 8 | H13: 10 | I13: 6 | J13: 1 | K13: 42.5 | L13: 0 | M13: 0.425 | N13: 0 | O13: 1 | P13: 1 | Q13: 0 | R13: 0 | S13: 0 | T13: 0 | U13: 0 | V13: 1 | W13: 0 | X13: 0 | Y13: 0 | Z13: 0 | AA13: 0 | AB13: 0 | AC13: 0 | AD13: 0 | AE13: 0 | AF13: 0 | AG13: 0 | AH13: 0 | AI13: 0 | AJ13: 0 | AK13: 0 | AL13: 1 | AM13: 0 | AN13: 0 | AO13: 0 | AP13: 0 | AQ13: 0 | AR13: 0 | AS13: 0 | AT13: 0 | AU13: 1 | AV13: 0 | AW13: 0 | AX13: 1 | AY13: 0 | AZ13: 1 | BA13: 0 | BB13: 1 | BC13: 0 | BD13: 0 | BE13: 0 | BF13: 0 | BG13: 0 | BH13: 0 | BI13: 0 | BJ13: 0 | BK13: 0 | BL13: 0 | BM13: 0 | BN13: 0 | BO13: 0 | BP13: 0 | BQ13: 0 | BR13: 0 | BS13: 0 | BT13: 0 | BU13: 0 | BV13: 0 | BW13: 0 | BX13: 0 | BY13: 1 | BZ13: 0 | CA13: 1 | CB13: 0 | CC13: 0 | CD13: 0 | CE13: 0 | CF13: 0 | CG13: 0 | CH13: 0 | CI13: 0 | CJ13: 0 | CK13: 0 | CL13: 0 | CM13: 0 | CN13: 0 | CO13: 0 | CP13: 0 | CQ13: 0 | CR13: 0 | CS13: 0 | CT13: 0 | CU13: 0 | CV13: 0 | CW13: 0 | CX13: 0 | CY13: 0 | CZ13: 0 | DA13: 0 | DB13: 0 | DC13: 0 | DD13: 0 | DE13: 0 | DF13: 0 | DG13: 0 | DH13: 0 | DI13: 0 | DJ13: 0 | DK13: 0 | DL13: 0 | DM13: 0 | DN13: 0 | DO13: 0 | DP13: 0 | DQ13: 0 | DR13: 0 | DS13: 0 | DT13: 0 | DU13: 0 | DV13: 0 | DW13: 0 | DX13: 0 | DY13: 0 | DZ13: 0 | EA13: 0 | EB13: 0 | EC13: 0 | ED13: 0 | EE13: 0 | EF13: 0 | EG13: 0 | EH13: 0 | EI13: 0 | EJ13: 0 | EK13: 0 | EL13: 6 | EM13: 0 | EN13: 0 | EO13: 0 | EP13: 0
... A401: Hood | B401: PW | C401: 17 | D401: PW5_48 | E401: P1010071 | F401: RE | G401: 1 | H401: 2 | I401: 0 | J401: 0 | K401: 43.13 | L401: 56.25 | M401: 0.43125 | N401: 0.5625 | O401: 0 | P401: 1 | Q401: 0 | R401: 0 | S401: 0 | T401: 0 | U401: 0 | V401: 0 | W401: 0 | X401: 0 | Y401: 0 | Z401: 0 | AA401: 0 | AB401: 0 | AC401: 0 | AD401: 0 | AE401: 0 | AF401: 0 | AG401: 0 | AH401: 0 | AI401: 0 | AJ401: 0 | AK401: 0 | AL401: 0 | AM401: 0 | AN401: 0 | AO401: 0 | AP401: 0 | AQ401: 0 | AR401: 0 | AS401: 0 | AT401: 0 | AU401: 0 | AV401: 0 | AW401: 0 | AX401: 0 | AY401: 0 | AZ401: 0 | BA401: 1 | BB401: 0 | BC401: 0 | BD401: 0 | BE401: 0 | BF401: 0 | BG401: 0 | BH401: 0 | BI401: 0 | BJ401: 0 | BK401: 0 | BL401: 0 | BM401: 0 | BN401: 0 | BO401: 0 | BP401: 0 | BQ401: 0 | BR401: 0 | BS401: 0 | BT401: 0 | BU401: 0 | BV401: 0 | BW401: 0 | BX401: 0 | BY401: 0 | BZ401: 0 | CA401: 0 | CB401: 0 | CC401: 0 | CD401: 0 | CE401: 0 | CF401: 0 | CG401: 0 | CH401: 0 | CI401: 0 | CJ401: 0 | CK401: 0 | CL401: 0 | CM401: 0 | CN401: 0 | CO401: 0 | CP401: 0 | CQ401: 0 | CR401: 0 | CS401: 0 | CT401: 0 | CU401: 0 | CV401: 0 | CW401: 0 | CX401: 0 | CY401: 0 | CZ401: 0 | DA401: 0 | DB401: 0 | DC401: 0 | DD401: 0 | DE401: 0 | DF401: 0 | DG401: 0 | DH401: 0 | DI401: 0 | DJ401: 0 | DK401: 0 | DL401: 0 | DM401: 0 | DN401: 0 | DO401: 0 | DP401: 0 | DQ401: 0 | DR401: 0 | DS401: 0 | DT401: 0 | DU401: 0 | DV401: 0 | DW401: 0 | DX401: 0 | DY401: 0 | DZ401: 0 | EA401: 0 | EB401: 0 | EC401: 0 | ED401: 0 | EE401: 0 | EF401: 0 | EG401: 0 | EH401: 0 | EI401: 0 | EJ401: 0 | EK401: 0 | EL401: 0 | EM401: 0 | EN401: 0 | EO401: 0 | EP401: 0

Sheet NEPWS_combined_130603.csv
A1: Region | B1: Region.code | C1: Site | D1: Site.no | E1: Transect | F1: Photo | G1: Initials | H1: richness | I1: richplus | J1: mob.count | K1: mob.rich | L1: space.per | M1: sedim.per | N1: space | O1: sedim | P1: ENCA | Q1: ENNA | R1: Rfil | S1: Rfol | T1: BOPS | U1: OPCA | V1: AGFI | W1: HYSP | X1: Abie | Y1: Lafo | Z1: Agla | AA1: Hal1 | AB1: ANLA | AC1: Hal2 | AD1: SYSP | AE1: SYAM | AF1: CLCE | AG1: XEHI | AH1: MYLA | AI1: SPOT | AJ1: POPA | AK1: LEUC | AL1: EPSC | AM1: BAEL | AN1: Metr | AO1: CRFE | AP1: Urti | AQ1: EPLI | AR1: GERU | AS1: Alcy | AT1: DOCO | AU1: DOFE | AV1: TUCA | AW1: TUOT | AX1: PSOC | AY1: PISP | AZ1: PHCL | BA1: VECO | BB1: POMA | BC1: BACR | BD1: BANU | BE1: PSCH | BF1: TETR | BG1: META | BH1: DICA | BI1: DIOC | BJ1: PYST | BK1: PEAN | BL1: CLHU | BM1: APCA | BN1: APSO | BO1: TCOT | BP1: Trid | BQ1: Chel | BR1: Core | BS1: CNFI | BT1: HAIG | BU1: Stye | BV1: ASPA | BW1: TSOT | BX1: PYHA | BY1: BOVI | BZ1: SCUN | CA1: EUBI | CB1: BREN | CC1: DELI | CD1: DICL | CE1: Cris | CF1: CEDI | CG1: HEPA | CH1: PHPA | CI1: DEMU | CJ1: BRER | CK1: SFR | CL1: SDR | CM1: Hen | CN1: PHE | CO1: SST | CP1: ETR | CQ1: PTE | CR1: Oph | CS1: PCA | CT1: EQU | CU1: CPI | CV1: PLU | CW1: CUWH | CX1: CST | CY1: Ton | CZ1: Mop | DA1: LME | DB1: Chi | DC1: Lot | DD1: AMI | DE1: CCU | DF1: Lim | DG1: CLI | DH1: CAN | DI1: CAL | DJ1: Tro | DK1: Amp | DL1: GA1 | DM1: OLU | DN1: TCAn | DO1: CFO | DP1: FOR | DQ1: NUC | DR1: BMU | DS1: GAS | DT1: ACO | DU1: GHE | DV1: DSA | DW1: CMO | DX1: LCO | DY1: CLU | DZ1: ANA | EA1: Dorid | EB1: TFE | EC1: JFU | ED1: DAL | EE1: HCR | EF1: DDI | EG1: Fla | EH1: Aeo | EI1: SAC | EJ1: COR | EK1: LMA | EL1: MQU | EM1: Her | EN1: Shr | EO1: JZO | EP1: AHA | EQ1: Gunnel
A2: Channel | B2: b | C2: ON | D2: 5 | E2: ON0 | F2: ON0_45 | G2: WG | H2: 11 | I2: 13 | J2: 4 | K2: 3 | L2: 24.38 | M2: 7.5 | N2: 0.244 | O2: 0.075 | P2: 1 | Q2: 1 | R2: 1 | S2: 1 | T2: 0 | U2: 0 | V2: 0 | W2: 1 | X2: 0 | Y2: 0 | Z2: 0 | AA2: 1 | AB2: 0 | AC2: 0 | AD2: 1 | AE2: 0 | AF2: 0 | AG2: 0 | AH2: 0 | AI2: 0 | AJ2: 0 | AK2: 0 | AL2: 0 | AM2: 0 | AN2: 0 | AO2: 0 | AP2: 0 | AQ2: 0 | AR2: 0 | AS2: 0 | AT2: 0 | AU2: 0 | AV2: 1 | AW2: 0 | AX2: 1 | AY2: 0 | AZ2: 0 | BA2: 0 | BB2: 0 | BC2: 0 | BD2: 0 | BE2: 0 | BF2: 1 | BG2: 1 | BH2: 0 | BI2: 0 | BJ2: 0 | BK2: 0 | BL2: 0 | BM2: 0 | BN2: 0 | BO2: 0 | BP2: 0 | BQ2: 0 | BR2: 0 | BS2: 0 | BT2: 0 | BU2: 0 | BV2: 0 | BW2: 0 | BX2: 1 | BY2: 0 | BZ2: 1 | CA2: 0 | CB2: 1 | CC2: 0 | CD2: 0 | CE2: 0 | CF2: 0 | CG2: 0 | CH2: 0 | CI2: 0 | CJ2: 0 | CK2: =11.1*NEPWS_combined_120626.csv!CJ2 -> 0 | CL2: =11.1*NEPWS_combined_120626.csv!CK2 -> 0 | CM2: =11.1*NEPWS_combined_120626.csv!CL2 -> 0 | CN2: =11.1*NEPWS_combined_120626.csv!CM2 -> 0 | CO2: =11.1*NEPWS_combined_120626.csv!CN2 -> 0 | CP2: =11.1*NEPWS_combined_120626.csv!CO2 -> 0 | CQ2: =11.1*NEPWS_combined_120626.csv!CP2 -> 0 | CR2: =11.1*NEPWS_combined_120626.csv!CQ2 -> 0 | ... EQ2: =11.1*NEPWS_combined_120626.csv!EP2 -> 0
A3: Channel | B3: b | C3: ON | D3: 5 | E3: ON0 | F3: ON0_46 | G3: WG | H3: 12 | I3: 14 | J3: 3 | K3: 3 | L3: 21.25 | M3: 0 | N3: 0.213 | O3: 0 | P3: 1 | Q3: 1 | R3: 1 | S3: 0 | T3: 0 | U3: 0 | V3: 0 | W3: 1 | X3: 0 | Y3: 0 | Z3: 0 | AA3: 1 | AB3: 0 | AC3: 0 | AD3: 0 | AE3: 0 | AF3: 0 | AG3: 0 | AH3: 0 | AI3: 1 | AJ3: 0 | AK3: 0 | AL3: 0 | AM3: 1 | AN3: 0 | AO3: 0 | AP3: 0 | AQ3: 0 | AR3: 0 | AS3: 0 | AT3: 0 | AU3: 0 | AV3: 1 | AW3: 0 | AX3: 0 | AY3: 0 | AZ3: 0 | BA3: 1 | BB3: 0 | BC3: 0 | BD3: 0 | BE3: 0 | BF3: 0 | BG3: 1 | BH3: 0 | BI3: 0 | BJ3: 0 | BK3: 0 | BL3: 0 | BM3: 0 | BN3: 0 | BO3: 0 | BP3: 0 | BQ3: 1 | BR3: 0 | BS3: 0 | BT3: 0 | BU3: 0 | BV3: 0 | BW3: 0 | BX3: 0 | BY3: 1 | BZ3: 1 | CA3: 0 | CB3: 1 | CC3: 0 | CD3: 0 | CE3: 0 | CF3: 0 | CG3: 0 | CH3: 0 | CI3: 0 | CJ3: 0 | CK3: =11.1*NEPWS_combined_120626.csv!CJ3 -> 0 | CL3: =11.1*NEPWS_combined_120626.csv!CK3 -> 0 | CM3: =11.1*NEPWS_combined_120626.csv!CL3 -> 0 | CN3: =11.1*NEPWS_combined_120626.csv!CM3 -> 0 | CO3: =11.1*NEPWS_combined_120626.csv!CN3 -> 0 | CP3: =11.1*NEPWS_combined_120626.csv!CO3 -> 0 | CQ3: =11.1*NEPWS_combined_120626.csv!CP3 -> 0 | CR3: =11.1*NEPWS_combined_120626.csv!CQ3 -> 0 | ... EQ3: =11.1*NEPWS_combined_120626.csv!EP3 -> 0
A4: Channel | B4: b | C4: ON | D4: 5 | E4: ON0 | F4: ON0_48 | G4: WG | H4: 11 | I4: 13 | J4: 1 | K4: 1 | L4: 26.25 | M4: 0 | N4: 0.263 | O4: 0 | P4: 1 | Q4: 1 | R4: 1 | S4: 1 | T4: 0 | U4: 0 | V4: 0 | W4: 1 | X4: 0 | Y4: 0 | Z4: 0 | AA4: 1 | AB4: 0 | AC4: 0 | AD4: 0 | AE4: 0 | AF4: 0 | AG4: 0 | AH4: 0 | AI4: 1 | AJ4: 0 | AK4: 0 | AL4: 0 | AM4: 1 | AN4: 0 | AO4: 0 | AP4: 0 | AQ4: 0 | AR4: 0 | AS4: 0 | AT4: 0 | AU4: 0 | AV4: 1 | AW4: 0 | AX4: 1 | AY4: 1 | AZ4: 0 | BA4: 1 | BB4: 0 | BC4: 0 | BD4: 0 | BE4: 0 | BF4: 0 | BG4: 0 | BH4: 0 | BI4: 0 | BJ4: 0 | BK4: 0 | BL4: 0 | BM4: 0 | BN4: 0 | BO4: 0 | BP4: 0 | BQ4: 0 | BR4: 0 | BS4: 0 | BT4: 0 | BU4: 0 | BV4: 0 | BW4: 0 | BX4: 0 | BY4: 0 | BZ4: 1 | CA4: 0 | CB4: 1 | CC4: 0 | CD4: 0 | CE4: 0 | CF4: 0 | CG4: 0 | CH4: 0 | CI4: 0 | CJ4: 0 | CK4: =11.1*NEPWS_combined_120626.csv!CJ4 -> 0 | CL4: =11.1*NEPWS_combined_120626.csv!CK4 -> 0 | CM4: =11.1*NEPWS_combined_120626.csv!CL4 -> 0 | CN4: =11.1*NEPWS_combined_120626.csv!CM4 -> 0 | CO4: =11.1*NEPWS_combined_120626.csv!CN4 -> 0 | CP4: =11.1*NEPWS_combined_120626.csv!CO4 -> 0 | CQ4: =11.1*NEPWS_combined_120626.csv!CP4 -> 0 | CR4: =11.1*NEPWS_combined_120626.csv!CQ4 -> 0 | ... EQ4: =11.1*NEPWS_combined_120626.csv!EP4 -> 0
A5: Channel | B5: b | C5: ON | D5: 5 | E5: ON0 | F5: ON0_49 | G5: WG | H5: 10 | I5: 12 | J5: 1 | K5: 1 | L5: 25 | M5: 0 | N5: 0.25 | O5: 0 | P5: 1 | Q5: 1 | R5: 0 | S5: 1 | T5: 0 | U5: 0 | V5: 0 | W5: 1 | X5: 0 | Y5: 0 | Z5: 0 | AA5: 1 | AB5: 0 | AC5: 0 | AD5: 0 | AE5: 0 | AF5: 0 | AG5: 0 | AH5: 0 | AI5: 0 | AJ5: 0 | AK5: 0 | AL5: 0 | AM5: 1 | AN5: 0 | AO5: 0 | AP5: 0 | AQ5: 0 | AR5: 0 | AS5: 0 | AT5: 0 | AU5: 0 | AV5: 1 | AW5: 0 | AX5: 1 | AY5: 0 | AZ5: 0 | BA5: 1 | BB5: 0 | BC5: 0 | BD5: 0 | BE5: 0 | BF5: 0 | BG5: 1 | BH5: 0 | BI5: 0 | BJ5: 0 | BK5: 0 | BL5: 0 | BM5: 0 | BN5: 0 | BO5: 0 | BP5: 0 | BQ5: 0 | BR5: 0 | BS5: 0 | BT5: 0 | BU5: 0 | BV5: 0 | BW5: 0 | BX5: 0 | BY5: 0 | BZ5: 1 | CA5: 0 | CB5: 1 | CC5: 0 | CD5: 0 | CE5: 0 | CF5: 0 | CG5: 0 | CH5: 0 | CI5: 0 | CJ5: 0 | CK5: =11.1*NEPWS_combined_120626.csv!CJ5 -> 0 | CL5: =11.1*NEPWS_combined_120626.csv!CK5 -> 0 | CM5: =11.1*NEPWS_combined_120626.csv!CL5 -> 0 | CN5: =11.1*NEPWS_combined_120626.csv!CM5 -> 0 | CO5: =11.1*NEPWS_combined_120626.csv!CN5 -> 0 | CP5: =11.1*NEPWS_combined_120626.csv!CO5 -> 0 | CQ5: =11.1*NEPWS_combined_120626.csv!CP5 -> 0 | CR5: =11.1*NEPWS_combined_120626.csv!CQ5 -> 0 | ... EQ5: =11.1*NEPWS_combined_120626.csv!EP5 -> 0
A6: Channel | B6: b | C6: ON | D6: 5 | E6: ON1 | F6: ON1_84 | G6: WG | H6: 7 | I6: 9 | J6: 1 | K6: 1 | L6: 36.88 | M6: 0 | N6: 0.369 | O6: 0 | P6: 1 | Q6: 1 | R6: 1 | S6: 0 | T6: 0 | U6: 0 | V6: 0 | W6: 0 | X6: 0 | Y6: 0 | Z6: 0 | AA6: 1 | AB6: 1 | AC6: 0 | AD6: 0 | AE6: 0 | AF6: 0 | AG6: 0 | AH6: 0 | AI6: 0 | AJ6: 0 | AK6: 0 | AL6: 0 | AM6: 1 | AN6: 0 | AO6: 0 | AP6: 0 | AQ6: 0 | AR6: 0 | AS6: 0 | AT6: 0 | AU6: 0 | AV6: 0 | AW6: 0 | AX6: 0 | AY6: 0 | AZ6: 0 | BA6: 0 | BB6: 0 | BC6: 1 | BD6: 0 | BE6: 0 | BF6: 0 | BG6: 1 | BH6: 0 | BI6: 0 | BJ6: 0 | BK6: 0 | BL6: 0 | BM6: 0 | BN6: 0 | BO6: 0 | BP6: 0 | BQ6: 0 | BR6: 0 | BS6: 0 | BT6: 0 | BU6: 0 | BV6: 0 | BW6: 0 | BX6: 0 | BY6: 0 | BZ6: 0 | CA6: 0 | CB6: 1 | CC6: 0 | CD6: 0 | CE6: 0 | CF6: 0 | CG6: 0 | CH6: 0 | CI6: 0 | CJ6: 0 | CK6: =11.1*NEPWS_combined_120626.csv!CJ6 -> 0 | CL6: =11.1*NEPWS_combined_120626.csv!CK6 -> 0 | CM6: =11.1*NEPWS_combined_120626.csv!CL6 -> 0 | CN6: =11.1*NEPWS_combined_120626.csv!CM6 -> 0 | CO6: =11.1*NEPWS_combined_120626.csv!CN6 -> 0 | CP6: =11.1*NEPWS_combined_120626.csv!CO6 -> 0 | CQ6: =11.1*NEPWS_combined_120626.csv!CP6 -> 0 | CR6: =11.1*NEPWS_combined_120626.csv!CQ6 -> 0 | ... EQ6: =11.1*NEPWS_combined_120626.csv!EP6 -> 0
A7: Channel | B7: b | C7: ON | D7: 5 | E7: ON1 | F7: ON1_85 | G7: WG | H7: 8 | I7: 9 | J7: 0 | K7: 0 | L7: 22.5 | M7: 0 | N7: 0.225 | O7: 0 | P7: 0 | Q7: 1 | R7: 0 | S7: 1 | T7: 0 | U7: 0 | V7: 0 | W7: 1 | X7: 1 | Y7: 0 | Z7: 0 | AA7: 1 | AB7: 1 | AC7: 0 | AD7: 0 | AE7: 0 | AF7: 0 | AG7: 0 | AH7: 0 | AI7: 0 | AJ7: 0 | AK7: 0 | AL7: 0 | AM7: 0 | AN7: 0 | AO7: 0 | AP7: 0 | AQ7: 0 | AR7: 0 | AS7: 0 | AT7: 0 | AU7: 0 | AV7: 0 | AW7: 0 | AX7: 0 | AY7: 0 | AZ7: 0 | BA7: 0 | BB7: 0 | BC7: 1 | BD7: 0 | BE7: 0 | BF7: 0 | BG7: 0 | BH7: 0 | BI7: 0 | BJ7: 0 | BK7: 0 | BL7: 0 | BM7: 0 | BN7: 0 | BO7: 0 | BP7: 0 | BQ7: 0 | BR7: 0 | BS7: 0 | BT7: 0 | BU7: 0 | BV7: 0 | BW7: 0 | BX7: 0 | BY7: 0 | BZ7: 0 | CA7: 0 | CB7: 1 | CC7: 0 | CD7: 0 | CE7: 0 | CF7: 0 | CG7: 0 | CH7: 0 | CI7: 0 | CJ7: 0 | CK7: =11.1*NEPWS_combined_120626.csv!CJ7 -> 0 | CL7: =11.1*NEPWS_combined_120626.csv!CK7 -> 0 | CM7: =11.1*NEPWS_combined_120626.csv!CL7 -> 0 | CN7: =11.1*NEPWS_combined_120626.csv!CM7 -> 0 | CO7: =11.1*NEPWS_combined_120626.csv!CN7 -> 0 | CP7: =11.1*NEPWS_combined_120626.csv!CO7 -> 0 | CQ7: =11.1*NEPWS_combined_120626.csv!CP7 -> 0 | CR7: =11.1*NEPWS_combined_120626.csv!CQ7 -> 0 | ... EQ7: =11.1*NEPWS_combined_120626.csv!EP7 -> 0
A8: Channel | B8: b | C8: ON | D8: 5 | E8: ON1 | F8: ON1_86 | G8: WG | H8: 6 | I8: 8 | J8: 3 | K8: 2 | L8: 20.63 | M8: 0 | N8: 0.206 | O8: 0 | P8: 1 | Q8: 1 | R8: 0 | S8: 0 | T8: 0 | U8: 0 | V8: 0 | W8: 0 | X8: 0 | Y8: 0 | Z8: 0 | AA8: 0 | AB8: 0 | AC8: 0 | AD8: 0 | AE8: 0 | AF8: 0 | AG8: 0 | AH8: 0 | AI8: 0 | AJ8: 0 | AK8: 0 | AL8: 1 | AM8: 0 | AN8: 0 | AO8: 0 | AP8: 0 | AQ8: 0 | AR8: 0 | AS8: 0 | AT8: 0 | AU8: 0 | AV8: 1 | AW8: 0 | AX8: 1 | AY8: 0 | AZ8: 0 | BA8: 0 | BB8: 0 | BC8: 1 | BD8: 0 | BE8: 0 | BF8: 0 | BG8: 0 | BH8: 0 | BI8: 0 | BJ8: 0 | BK8: 0 | BL8: 0 | BM8: 0 | BN8: 0 | BO8: 0 | BP8: 0 | BQ8: 0 | BR8: 0 | BS8: 0 | BT8: 0 | BU8: 0 | BV8: 0 | BW8: 0 | BX8: 0 | BY8: 0 | BZ8: 1 | CA8: 0 | CB8: 1 | CC8: 0 | CD8: 0 | CE8: 0 | CF8: 0 | CG8: 0 | CH8: 0 | CI8: 0 | CJ8: 0 | CK8: =11.1*NEPWS_combined_120626.csv!CJ8 -> 0 | CL8: =11.1*NEPWS_combined_120626.csv!CK8 -> 0 | CM8: =11.1*NEPWS_combined_120626.csv!CL8 -> 0 | CN8: =11.1*NEPWS_combined_120626.csv!CM8 -> 0 | CO8: =11.1*NEPWS_combined_120626.csv!CN8 -> 0 | CP8: =11.1*NEPWS_combined_120626.csv!CO8 -> 0 | CQ8: =11.1*NEPWS_combined_120626.csv!CP8 -> 0 | CR8: =11.1*NEPWS_combined_120626.csv!CQ8 -> 0 | ... EQ8: =11.1*NEPWS_combined_120626.csv!EP8 -> 0
A9: Channel | B9: b | C9: ON | D9: 5 | E9: ON1 | F9: ON1_17 | G9: WG | H9: 6 | I9: 8 | J9: 0 | K9: 0 | L9: 30.63 | M9: 0 | N9: 0.306 | O9: 0 | P9: 1 | Q9: 1 | R9: 0 | S9: 0 | T9: 0 | U9: 0 | V9: 0 | W9: 1 | X9: 0 | Y9: 0 | Z9: 0 | AA9: 1 | AB9: 1 | AC9: 0 | AD9: 0 | AE9: 0 | AF9: 0 | AG9: 0 | AH9: 0 | AI9: 0 | AJ9: 0 | AK9: 0 | AL9: 0 | AM9: 0 | AN9: 0 | AO9: 0 | AP9: 0 | AQ9: 0 | AR9: 0 | AS9: 0 | AT9: 0 | AU9: 0 | AV9: 0 | AW9: 0 | AX9: 0 | AY9: 0 | AZ9: 0 | BA9: 0 | BB9: 0 | BC9: 1 | BD9: 0 | BE9: 0 | BF9: 0 | BG9: 1 | BH9: 0 | BI9: 0 | BJ9: 0 | BK9: 0 | BL9: 0 | BM9: 0 | BN9: 0 | BO9: 0 | BP9: 0 | BQ9: 0 | BR9: 0 | BS9: 0 | BT9: 0 | BU9: 0 | BV9: 0 | BW9: 0 | BX9: 0 | BY9: 0 | BZ9: 0 | CA9: 0 | CB9: 1 | CC9: 0 | CD9: 0 | CE9: 0 | CF9: 0 | CG9: 0 | CH9: 0 | CI9: 0 | CJ9: 0 | CK9: =11.1*NEPWS_combined_120626.csv!CJ9 -> 0 | CL9: =11.1*NEPWS_combined_120626.csv!CK9 -> 0 | CM9: =11.1*NEPWS_combined_120626.csv!CL9 -> 0 | CN9: =11.1*NEPWS_combined_120626.csv!CM9 -> 0 | CO9: =11.1*NEPWS_combined_120626.csv!CN9 -> 0 | CP9: =11.1*NEPWS_combined_120626.csv!CO9 -> 0 | CQ9: =11.1*NEPWS_combined_120626.csv!CP9 -> 0 | CR9: =11.1*NEPWS_combined_120626.csv!CQ9 -> 0 | ... EQ9: =11.1*NEPWS_combined_120626.csv!EP9 -> 0
A10: Channel | B10: b | C10: ON | D10: 5 | E10: ON2 | F10: ON2_43 | G10: WG | H10: 10 | I10: 12 | J10: 1 | K10: 1 | L10: 46.88 | M10: 0 | N10: 0.469 | O10: 0 | P10: 1 | Q10: 1 | R10: 0 | S10: 0 | T10: 0 | U10: 0 | V10: 0 | W10: 1 | X10: 0 | Y10: 0 | Z10: 0 | AA10: 1 | AB10: 0 | AC10: 0 | AD10: 1 | AE10: 0 | AF10: 0 | AG10: 0 | AH10: 0 | AI10: 0 | AJ10: 0 | AK10: 0 | AL10: 0 | AM10: 0 | AN10: 0 | AO10: 0 | AP10: 0 | AQ10: 0 | AR10: 0 | AS10: 0 | AT10: 0 | AU10: 0 | AV10: 1 | AW10: 0 | AX10: 1 | AY10: 0 | AZ10: 0 | BA10: 1 | BB10: 0 | BC10: 1 | BD10: 0 | BE10: 0 | BF10: 0 | BG10: 0 | BH10: 0 | BI10: 0 | BJ10: 0 | BK10: 0 | BL10: 0 | BM10: 0 | BN10: 0 | BO10: 0 | BP10: 0 | BQ10: 0 | BR10: 1 | BS10: 0 | BT10: 0 | BU10: 0 | BV10: 0 | BW10: 0 | BX10: 0 | BY10: 0 | BZ10: 1 | CA10: 0 | CB10: 1 | CC10: 0 | CD10: 0 | CE10: 0 | CF10: 0 | CG10: 0 | CH10: 0 | CI10: 0 | CJ10: 0 | CK10: =11.1*NEPWS_combined_120626.csv!CJ10 -> 0 | CL10: =11.1*NEPWS_combined_120626.csv!CK10 -> 0 | CM10: =11.1*NEPWS_combined_120626.csv!CL10 -> 0 | CN10: =11.1*NEPWS_combined_120626.csv!CM10 -> 0 | CO10: =11.1*NEPWS_combined_120626.csv!CN10 -> 0 | CP10: =11.1*NEPWS_combined_120626.csv!CO10 -> 0 | CQ10: =11.1*NEPWS_combined_120626.csv!CP10 -> 0 | CR10: =11.1*NEPWS_combined_120626.csv!CQ10 -> 0 | ... EQ10: =11.1*NEPWS_combined_120626.csv!EP10 -> 0
A11: Channel | B11: b | C11: ON | D11: 5 | E11: ON2 | F11: ON2_44 | G11: WG | H11: 9 | I11: 11 | J11: 2 | K11: 2 | L11: 41.25 | M11: 0 | N11: 0.413 | O11: 0 | P11: 1 | Q11: 1 | R11: 1 | S11: 0 | T11: 0 | U11: 0 | V11: 0 | W11: 0 | X11: 0 | Y11: 0 | Z11: 0 | AA11: 1 | AB11: 0 | AC11: 0 | AD11: 0 | AE11: 0 | AF11: 0 | AG11: 0 | AH11: 0 | AI11: 0 | AJ11: 0 | AK11: 0 | AL11: 0 | AM11: 1 | AN11: 0 | AO11: 0 | AP11: 0 | AQ11: 0 | AR11: 0 | AS11: 0 | AT11: 0 | AU11: 0 | AV11: 1 | AW11: 0 | AX11: 1 | AY11: 0 | AZ11: 0 | BA11: 1 | BB11: 0 | BC11: 1 | BD11: 0 | BE11: 0 | BF11: 0 | BG11: 0 | BH11: 0 | BI11: 0 | BJ11: 1 | BK11: 0 | BL11: 0 | BM11: 0 | BN11: 0 | BO11: 0 | BP11: 0 | BQ11: 0 | BR11: 0 | BS11: 0 | BT11: 0 | BU11: 0 | BV11: 0 | BW11: 0 | BX11: 0 | BY11: 0 | BZ11: 0 | CA11: 0 | CB11: 1 | CC11: 0 | CD11: 0 | CE11: 0 | CF11: 0 | CG11: 0 | CH11: 0 | CI11: 0 | CJ11: 0 | CK11: =11.1*NEPWS_combined_120626.csv!CJ11 -> 0 | CL11: =11.1*NEPWS_combined_120626.csv!CK11 -> 0 | CM11: =11.1*NEPWS_combined_120626.csv!CL11 -> 0 | CN11: =11.1*NEPWS_combined_120626.csv!CM11 -> 0 | CO11: =11.1*NEPWS_combined_120626.csv!CN11 -> 0 | CP11: =11.1*NEPWS_combined_120626.csv!CO11 -> 0 | CQ11: =11.1*NEPWS_combined_120626.csv!CP11 -> 0 | CR11: =11.1*NEPWS_combined_120626.csv!CQ11 -> 0 | ... EQ11: =11.1*NEPWS_combined_120626.csv!EP11 -> 0
A12: Channel | B12: b | C12: ON | D12: 5 | E12: ON2 | F12: ON2_82 | G12: WG | H12: 8 | I12: 10 | J12: 6 | K12: 5 | L12: 19.38 | M12: 7.5 | N12: 0.194 | O12: 0.075 | P12: 1 | Q12: 1 | R12: 0 | S12: 0 | T12: 0 | U12: 0 | V12: 0 | W12: 0 | X12: 0 | Y12: 0 | Z12: 0 | AA12: 1 | AB12: 0 | AC12: 0 | AD12: 0 | AE12: 0 | AF12: 0 | AG12: 0 | AH12: 0 | AI12: 0 | AJ12: 0 | AK12: 0 | AL12: 0 | AM12: 1 | AN12: 0 | AO12: 0 | AP12: 0 | AQ12: 0 | AR12: 0 | AS12: 0 | AT12: 0 | AU12: 0 | AV12: 1 | AW12: 0 | AX12: 1 | AY12: 1 | AZ12: 0 | BA12: 0 | BB12: 0 | BC12: 0 | BD12: 0 | BE12: 0 | BF12: 0 | BG12: 0 | BH12: 0 | BI12: 0 | BJ12: 0 | BK12: 0 | BL12: 0 | BM12: 0 | BN12: 0 | BO12: 0 | BP12: 0 | BQ12: 0 | BR12: 0 | BS12: 0 | BT12: 0 | BU12: 0 | BV12: 0 | BW12: 0 | BX12: 0 | BY12: 0 | BZ12: 1 | CA12: 0 | CB12: 1 | CC12: 0 | CD12: 0 | CE12: 0 | CF12: 0 | CG12: 0 | CH12: 0 | CI12: 0 | CJ12: 1 | CK12: =11.1*NEPWS_combined_120626.csv!CJ12 -> 0 | CL12: =11.1*NEPWS_combined_120626.csv!CK12 -> 0 | CM12: =11.1*NEPWS_combined_120626.csv!CL12 -> 0 | CN12: =11.1*NEPWS_combined_120626.csv!CM12 -> 0 | CO12: =11.1*NEPWS_combined_120626.csv!CN12 -> 0 | CP12: =11.1*NEPWS_combined_120626.csv!CO12 -> 0 | CQ12: =11.1*NEPWS_combined_120626.csv!CP12 -> 0 | CR12: =11.1*NEPWS_combined_120626.csv!CQ12 -> 0 | ... EQ12: =11.1*NEPWS_combined_120626.csv!EP12 -> 0
A13: Channel | B13: b | C13: ON | D13: 5 | E13: ON2 | F13: ON2_83 | G13: WG | H13: 8 | I13: 10 | J13: 6 | K13: 1 | L13: 42.5 | M13: 0 | N13: 0.425 | O13: 0 | P13: 1 | Q13: 1 | R13: 0 | S13: 0 | T13: 0 | U13: 0 | V13: 0 | W13: 1 | X13: 0 | Y13: 0 | Z13: 0 | AA13: 0 | AB13: 0 | AC13: 0 | AD13: 0 | AE13: 0 | AF13: 0 | AG13: 0 | AH13: 0 | AI13: 0 | AJ13: 0 | AK13: 0 | AL13: 0 | AM13: 1 | AN13: 0 | AO13: 0 | AP13: 0 | AQ13: 0 | AR13: 0 | AS13: 0 | AT13: 0 | AU13: 0 | AV13: 1 | AW13: 0 | AX13: 0 | AY13: 1 | AZ13: 0 | BA13: 1 | BB13: 0 | BC13: 1 | BD13: 0 | BE13: 0 | BF13: 0 | BG13: 0 | BH13: 0 | BI13: 0 | BJ13: 0 | BK13: 0 | BL13: 0 | BM13: 0 | BN13: 0 | BO13: 0 | BP13: 0 | BQ13: 0 | BR13: 0 | BS13: 0 | BT13: 0 | BU13: 0 | BV13: 0 | BW13: 0 | BX13: 0 | BY13: 0 | BZ13: 1 | CA13: 0 | CB13: 1 | CC13: 0 | CD13: 0 | CE13: 0 | CF13: 0 | CG13: 0 | CH13: 0 | CI13: 0 | CJ13: 0 | CK13: =11.1*NEPWS_combined_120626.csv!CJ13 -> 0 | CL13: =11.1*NEPWS_combined_120626.csv!CK13 -> 0 | CM13: =11.1*NEPWS_combined_120626.csv!CL13 -> 0 | CN13: =11.1*NEPWS_combined_120626.csv!CM13 -> 0 | CO13: =11.1*NEPWS_combined_120626.csv!CN13 -> 0 | CP13: =11.1*NEPWS_combined_120626.csv!CO13 -> 0 | CQ13: =11.1*NEPWS_combined_120626.csv!CP13 -> 0 | CR13: =11.1*NEPWS_combined_120626.csv!CQ13 -> 0 | ... EQ13: =11.1*NEPWS_combined_120626.csv!EP13 -> 0
... A401: Hood | B401: e | C401: PW | D401: 17 | E401: PW5_48 | F401: P1010071 | G401: RE | H401: 1 | I401: 2 | J401: 0 | K401: 0 | L401: 43.13 | M401: 56.25 | N401: 0.43125 | O401: 0.5625 | P401: 0 | Q401: 1 | R401: 0 | S401: 0 | T401: 0 | U401: 0 | V401: 0 | W401: 0 | X401: 0 | Y401: 0 | Z401: 0 | AA401: 0 | AB401: 0 | AC401: 0 | AD401: 0 | AE401: 0 | AF401: 0 | AG401: 0 | AH401: 0 | AI401: 0 | AJ401: 0 | AK401: 0 | AL401: 0 | AM401: 0 | AN401: 0 | AO401: 0 | AP401: 0 | AQ401: 0 | AR401: 0 | AS401: 0 | AT401: 0 | AU401: 0 | AV401: 0 | AW401: 0 | AX401: 0 | AY401: 0 | AZ401: 0 | BA401: 0 | BB401: 1 | BC401: 0 | BD401: 0 | BE401: 0 | BF401: 0 | BG401: 0 | BH401: 0 | BI401: 0 | BJ401: 0 | BK401: 0 | BL401: 0 | BM401: 0 | BN401: 0 | BO401: 0 | BP401: 0 | BQ401: 0 | BR401: 0 | BS401: 0 | BT401: 0 | BU401: 0 | BV401: 0 | BW401: 0 | BX401: 0 | BY401: 0 | BZ401: 0 | CA401: 0 | CB401: 0 | CC401: 0 | CD401: 0 | CE401: 0 | CF401: 0 | CG401: 0 | CH401: 0 | CI401: 0 | CJ401: 0 | CK401: =11.1*NEPWS_combined_120626.csv!CJ401 -> 0 | CL401: =11.1*NEPWS_combined_120626.csv!CK401 -> 0 | CM401: =11.1*NEPWS_combined_120626.csv!CL401 -> 0 | CN401: =11.1*NEPWS_combined_120626.csv!CM401 -> 0 | CO401: =11.1*NEPWS_combined_120626.csv!CN401 -> 0 | CP401: =11.1*NEPWS_combined_120626.csv!CO401 -> 0 | CQ401: =11.1*NEPWS_combined_120626.csv!CP401 -> 0 | CR401: =11.1*NEPWS_combined_120626.csv!CQ401 -> 0 | ... EQ401: =11.1*NEPWS_combined_120626.csv!EP401 -> 0
